Designator,Footprint,Quantity,Value,LCSC Part #
C1,C_0603_1608Metric,1,0u1,
"C201, C202, C501, C503",C_0603_1608Metric,4,10u,
"C203, C502",CP_EIA-6032-15_Kemet-U,2,22u,
"C304, C305, C306, C307, C308",C_0402_1005Metric,5,0u1,
C309,C_0402_1005Metric,1,4u7,
"C310, C311",C_0402_1005Metric,2,20p,
D201,D_SOD-123,1,B5819W,
D202,LED_0603_1608Metric,1,green,
"D501, D502, D503, D504, D505, D506, D507, D508",D_MiniMELF,8,LL4148,
FB201,L_0805_2012Metric,1,600@100MHz,
"H401, H402, H403, H404",MountingHole_3.2mm_M3,4,M3,
J401,"TerminalBlock_Phoenix_MPT-0,5-2-2.54_1x02_P2.54mm_Horizontal",1,PWR_MOTOR,
J402,USB_Micro-B_Molex-105017-0001,1,USB_B_Micro,
J403,JST_XH_B6B-XH-A_1x06_P2.50mm_Vertical,1,Motor 1,
J404,JST_PH_B4B-PH-K_1x04_P2.00mm_Vertical,1,I2C Connector,
J405,JST_XH_B6B-XH-A_1x06_P2.50mm_Vertical,1,Motor 2,
J406,Tag-Connect_TC2030-IDC-NL_2x03_P1.27mm_Vertical,1,Conn_ARM_SWD_TagConnect_TC2030-NL,
Q201,SOT-23,1,AO3401A,
R1,R_0402_1005Metric,1,1k5,
R201,R_0603_1608Metric,1,510,
SW1,SW_SPST_B3U-1000P-B,1,SW_Push,
SW2,SW_SPDT_PCM12,1,SW_SPDT,
U1,LQFP-48_7x7mm_P0.5mm,1,STM32F103C8Tx,
U201,SOT-223-3_TabPin2,1,AMS1117-3.3,
U401,SOT-666,1,USBLC6-2P6,
U501,SOIC127P1420X360-20N,1,L298P,
Y301,Crystal_SMD_3225-4Pin_3.2x2.5mm,1,12MHz,
